Terms,Df,SumsOfSqs,MeanSqs,F.Model,R2,Pr(>F),Metric
Site,5,13.62429154363201,2.724858308726402,6.30693973129382,0.0708804661168852,0.001,bc
Window,1,2.1559518775085103,2.1559518775085103,4.990152519663079,0.01121635378353325,0.001,bc
Site:Window,5,6.210531395985447,1.2421062791970894,2.874971303157123,0.032310330322221414,0.001,bc
Residuals,394,170.22426396612525,0.43204127910184076,NA,0.8855928497773602,NA,bc
Total,405,192.2150387832512,NA,NA,1,NA,bc
