Terms,Df,SumsOfSqs,MeanSqs,F.Model,R2,Pr(>F),Metric
Site,5,13.47819747967651,2.695639495935302,6.426317128170891,0.07147602655990785,0.001,ds
Window,1,3.328966376261512,3.328966376261512,7.936147869599173,0.017653791576024515,0.001,ds
Site:Window,5,6.49161574880349,1.298323149760698,3.0951602793284656,0.034425589948347504,0.001,ds
Residuals,394,165.27070485561413,0.41946879404978205,NA,0.8764445919157202,NA,ds
Total,405,188.56948446035562,NA,NA,1,NA,ds
