Terms,Df,SumsOfSqs,MeanSqs,F.Model,R2,Pr(>F),Metric
Site,5,12.173970303306273,2.434794060661255,8.303708817378995,0.09055870014529571,0.001,uu
Window,1,2.065117949055617,2.065117949055617,7.042952173886758,0.015361824651601564,0.001,uu
Site:Window,5,4.664967752498127,0.9329935504996254,3.1819146009159467,0.03470136737324057,0.001,uu
Residuals,394,115.5277576560462,0.29321765902549796,NA,0.8593781078298622,NA,uu
Total,405,134.43181366090622,NA,NA,1,NA,uu
