Terms,Df,SumsOfSqs,MeanSqs,F.Model,R2,Pr(>F),Metric
Site,5,5.660195848356164,1.1320391696712329,13.304581266526178,0.13586831151210263,0.001,wu
Window,1,0.4490389615070267,0.4490389615070267,5.277445794514167,0.010778808213999585,0.001,wu
Site:Window,5,2.026142146060538,0.4052284292121076,4.762551254763567,0.04863586343018549,0.001,wu
Residuals,394,33.524048890786496,0.08508641850453426,NA,0.8047170168437123,NA,wu
Total,405,41.65942584671022,NA,NA,1,NA,wu
